"SYMBOL","COMPANY NAME","SERIES","PURPOSE","FACE VALUE","EX-DATE","RECORD DATE","BOOK CLOSURE START DATE","BOOK CLOSURE END DATE"
"SURYAROSNI","Surya Roshni Limited","EQ","Bonus 1:1","5","01-Jan-2025","01-Jan-2025","-","-"
"GARFIBRES","Garware Technical Fibres Limited","EQ","Bonus 4:1","10","03-Jan-2025","03-Jan-2025","-","-"
"REDTAPE","Redtape Limited","EQ","Interim Dividend - Rs 2 Per Share","2","03-Jan-2025","03-Jan-2025","-","-"
"KPIGREEN","KPI Green Energy Limited","EQ","Bonus 1:2","5","03-Jan-2025","03-Jan-2025","-","-"
"ITC","ITC Limited","EQ","Demerger","1","06-Jan-2025","06-Jan-2025","-","-"
"JAGSNPHARM","Jagsonpal Pharmaceuticals Limited","EQ","Face Value Split (Sub-Division) - From Rs 5/- Per Share To Rs 2/- Per Share","2","08-Jan-2025","08-Jan-2025","-","-"
"CAMLINFINE","Camlin Fine Sciences Limited","EQ","Rights 5:41 @ Premium Rs 109/-","1","08-Jan-2025","08-Jan-2025","-","-"
"KAMDHENU","Kamdhenu Limited","EQ","Face Value Split (Sub-Division) - From Rs 10/- Per Share To Re 1/- Per Share","1","08-Jan-2025","08-Jan-2025","-","-"
"759GS2026","GOVERNMENT OF INDIA","GS","Interest Payment","100","10-Jan-2025","10-Jan-2025","-","-"
"SHRIRAMFIN","Shriram Finance Limited","EQ","Face Value Split (Sub-Division) - From Rs 10/- Per Share To Rs 2/- Per Share","2","10-Jan-2025","10-Jan-2025","-","-"
"726GS2029","GOVERNMENT OF INDIA","GS","Interest Payment","100","13-Jan-2025","13-Jan-2025","-","-"
"CALSOFT","California Software Company Limited","EQ","Rights 3:1 @ Premium Rs 0/-","10","15-Jan-2025","15-Jan-2025","-","-"
"CESC","CESC Limited","EQ","Interim Dividend - Rs 4.50 Per Share","1","16-Jan-2025","16-Jan-2025","-","-"
"PCBL","PCBL Chemical Limited","EQ","Interim Dividend - Rs 5.50 Per Share","1","16-Jan-2025","16-Jan-2025","-","-"
"KITEX","Kitex Garments Limited","EQ","Bonus 2:1","1","17-Jan-2025","17-Jan-2025","-","-"
"HCLTECH","HCL Technologies Limited","EQ","Interim Dividend - Rs 12 Per Share Special Dividend - Rs 6 Per Share","2","17-Jan-2025","17-Jan-2025","-","-"
"GLOBE","Globe Textiles (India) Limited","EQ","Rights 1:2 @ Premium Rs 1/-","2","17-Jan-2025","17-Jan-2025","-","-"
"683GS2039","GOVERNMENT OF INDIA","GS","Interest Payment","100","17-Jan-2025","17-Jan-2025","-","-"
"JAIBALAJI","Jai Balaji Industries Limited","EQ","Face Value Split (Sub-Division) - From Rs 10/- Per Share To Rs 2/- Per Share","2","17-Jan-2025","17-Jan-2025","-","-"
"TCS","Tata Consultancy Services Limited","EQ","Interim Dividend - Rs 10 Per Share Special Dividend - Rs 66 Per Share","1","17-Jan-2025","17-Jan-2025","-","-"
"NAVA","NAVA LIMITED","EQ","Face Value Split (Sub-Division) - From Rs 2/- Per Share To Re 1/- Per Share","1","20-Jan-2025","20-Jan-2025","-","-"
"SHRADHA","Shradha Infraprojects Limited","EQ","Extra Ordinary General Meeting","2","21-Jan-2025","-","22-Jan-2025","30-Jan-2025"
"SVLL","Shree Vasu Logistics Limited","EQ","Extra Ordinary General Meeting","10","21-Jan-2025","-","22-Jan-2025","28-Jan-2025"
"ANGELONE","Angel One Limited","EQ","Interim Dividend - Rs 11 Per Share","10","21-Jan-2025","21-Jan-2025","-","-"
"HAVELLS","Havells India Limited","EQ","Interim Dividend - Rs 4 Per Share","1","22-Jan-2025","22-Jan-2025","-","-"
"ANZEN","Anzen India Energy Yield Plus Trust","IV","Distribution - Rs 2.45 Per Unit Consisting Of Interest - Rs 2.40 Per Unit Principal Payment - Re 0.02 Per Unit Other Income - Re 0.03 Per Unit","100","22-Jan-2025","22-Jan-2025","-","-"
"BEPL","Bhansali Engineering Polymers Limited","EQ","Interim Dividend - Re 1 Per Share","1","22-Jan-2025","22-Jan-2025","-","-"
"CONTROLPR","Control Print Limited","EQ","Interim Dividend - Rs 4 Per Share","10","24-Jan-2025","24-Jan-2025","-","-"
"MASTEK","Mastek Limited","EQ","Interim Dividend - Rs 7 Per Share","5","24-Jan-2025","24-Jan-2025","-","-"
"REPL","Rudrabhishek Enterprises Limited","EQ","Extra Ordinary General Meeting","10","24-Jan-2025","24-Jan-2025","-","-"
"OBEROIRLTY","Oberoi Realty Limited","EQ","Interim Dividend - Rs 2 Per Share","10","24-Jan-2025","24-Jan-2025","-","-"
"VIDHIING","Vidhi Specialty Food Ingredients Limited","EQ","Interim Dividend - Rs 1.50 Per Share","1","24-Jan-2025","24-Jan-2025","-","-"
"DCMSHRIRAM","DCM Shriram Limited","EQ","Interim Dividend - Rs 3.60 Per Share","2","24-Jan-2025","24-Jan-2025","-","-"
"TANLA","Tanla Platforms Limited","EQ","Interim Dividend - Rs 6 Per Share","1","27-Jan-2025","27-Jan-2025","-","-"
"PGINVIT","POWERGRID Infrastructure Investment Trust","IV","Distribution - Rs 3 Per Unit Consists Of Interest- Rs 1.88 Per Unit/Total Dividend - Re 0.46 Per Unit/Repayment Of Spv Debt- Re 0.65 Per Unit/Treasury Income Re 0.01 Per Unit","100","27-Jan-2025","27-Jan-2025","-","-"
"KEI","KEI Industries Limited","EQ","Interim Dividend - Rs 4 Per Share","2","27-Jan-2025","27-Jan-2025","-","-"
"MAZDA","Mazda Limited","EQ","Face Value Split (Sub-Division) - From Rs 10/- Per Share To Rs 2/- Per Share","2","28-Jan-2025","28-Jan-2025","-","-"
"WIPRO","Wipro Limited","EQ","Interim Dividend - Rs 6 Per Share","2","28-Jan-2025","28-Jan-2025","-","-"
"INDIGRID","IndiGrid Infrastructure Trust","IV","Distribution - Rs 3.75 Per Unit Consisting Of Dividend Re 0.1284 Per Unit/ Interest Rs 2.7533 Per Unit/Capital Repayment Re 0.8188/Other Income Re 0.0495","100","28-Jan-2025","28-Jan-2025","-","-"
"ZENSARTECH","Zensar Technologies Limited","EQ","Interim Dividend - Rs 2 Per Sh","2","28-Jan-2025","28-Jan-2025","-","-"
"WENDT","Wendt (India) Limited","EQ","Interim Dividend - Rs 30 Per Share","10","28-Jan-2025","28-Jan-2025","-","-"
"TIPSMUSIC","Tips Music Limited","EQ","Interim Dividend - Rs 3 Per Sh","1","28-Jan-2025","28-Jan-2025","-","-"
"MINDSPACE","Mindspace Business Parks REIT","RR","Distribution - Rs 5.32 Per Unit Consisting Of Dividend - Rs 3.20 Per Unit/ Interest - Re 0.22 Per Unit/ Repayment Of Spv Debt - Rs 1.88 Per Unit /Other Income - Re 0.02 Per Unit","275","29-Jan-2025","29-Jan-2025","-","-"
"BPCL","Bharat Petroleum Corporation Limited","EQ","Interim Dividend - Rs 5 Per Share","10","29-Jan-2025","29-Jan-2025","-","-"
"MPSLTD","MPS Limited","EQ","Interim Dividend - Rs 33 Per Share","10","29-Jan-2025","29-Jan-2025","-","-"
"IRBIT","IRB INFRASTRUCTURE TRUST","IV","Distribution - Re 0.46 Per Unit Comprises Of Re 0.19 Per Unit As Interest And Re 0.27 Per Unit As Return On Capital","100","30-Jan-2025","30-Jan-2025","-","-"
"IRBINVIT","IRB InvIT Fund","IV","Distribution - Rs 2 Per Unit Consisting Of Interest Rs 0.74 Per Unit/ Return Of Capital Re 1.02 /Dividend Re 0.24 Per Unit","102","30-Jan-2025","30-Jan-2025","-","-"
"BALKRISIND","Balkrishna Industries Limited","EQ","Interim Dividend - Rs 4 Per Share","2","30-Jan-2025","30-Jan-2025","-","-"
"ACCELYA","Accelya Solutions India Limited","EQ","Interim Dividend - Rs 50 Per Share","10","30-Jan-2025","30-Jan-2025","-","-"
"SEITINVIT","Sustainable Energy Infra Trust","IV","Distribution - Rs 2.28129 Per Unit Comprising Of Rs 2.27935 Per Unit In The Form Of Interest And Re 0.00194 Per Unit As Other Income","100","30-Jan-2025","30-Jan-2025","-","-"
"TCI","Transport Corporation of India Limited","EQ","Interim Dividend - Rs 4.50 Per Share","2","30-Jan-2025","30-Jan-2025","-","-"
"SIEMENS","Siemens Limited","EQ","Dividend - Rs 12 Per Share","2","30-Jan-2025","30-Jan-2025","-","-"
"HUDCO","Housing & Urban Development Corporation Limited","EQ","Interim Dividend - Rs 2.05 Per Share","10","30-Jan-2025","30-Jan-2025","-","-"
"COFORGE","Coforge Limited","EQ","Interim Dividend - Rs 19 Per Share","2","30-Jan-2025","30-Jan-2025","-","-"
"MOTILALOFS","Motilal Oswal Financial Services Limited","EQ","Interim Dividend - Rs 5 Per Sh","1","31-Jan-2025","01-Feb-2025","-","-"
"RITES","RITES Limited","EQ","Interim Dividend - Rs 1.90 Per Share","10","31-Jan-2025","01-Feb-2025","-","-"
"ROUTE","ROUTE MOBILE LIMITED","EQ","Interim Dividend - Rs 3 Per Sh","10","31-Jan-2025","01-Feb-2025","-","-"
"TORNTPHARM","Torrent Pharmaceuticals Limited","EQ","Interim Dividend - Rs 26 Per Sh","5","31-Jan-2025","01-Feb-2025","-","-"
"WEALTH","Wealth First Portfolio Managers Limited","EQ","Interim Dividend - Rs 4 Per Sh","10","31-Jan-2025","31-Jan-2025","-","-"
"JBMA","JBM Auto Limited","EQ","Face Value Split (Sub-Division) - From Rs 2/- Per Share To Re 1/- Per Share","1","31-Jan-2025","31-Jan-2025","-","-"
"SENCO","Senco Gold Limited","EQ","Face Value Split (Sub-Division) - From Rs 10/- Per Share To Rs 5/- Per Share","5","31-Jan-2025","31-Jan-2025","-","-"
"EMBASSY","Embassy Office Parks REIT","RR","Distribution - Rs 5.90 Per Unit Comprises Of Re 0.52 Per Unit As Interest And Rs 3.01 Per Unit As Repayment Of Spv Level Debt And Rs 2.37 As Dividend","300","31-Jan-2025","01-Feb-2025","-","-"
"SHREMINVIT","Shrem Invit","IV","Distribution - Rs 4.5 Per Unit Consists Of Rs. 1.4798 Per Unit As Dividend/Rs. 1.4254 Per Unit As Interest/ Rs. 1.5948 Per Unit As Return Of Capital","100","31-Jan-2025","01-Feb-2025","-","-"
"IEX","Indian Energy Exchange Limited","EQ","Interim Dividend - Rs 1.50 Per Share","1","31-Jan-2025","31-Jan-2025","-","-"
"PERSISTENT","Persistent Systems Limited","EQ","Interim Dividend - Rs 20 Per Share","5","31-Jan-2025","31-Jan-2025","-","-"
"SHRIRAMFIN","Shriram Finance Limited","EQ","Interim Dividend - Rs 2.50 Per Share","2","31-Jan-2025","31-Jan-2025","-","-"
"COALINDIA","Coal India Limited","EQ","Interim Dividend - Rs 5.60 Per Share","10","31-Jan-2025","31-Jan-2025","-","-"
"NTPC","NTPC Limited","EQ","Interim Dividend - Rs 2.50 Per Share","10","31-Jan-2025","31-Jan-2025","-","-"
"IGL","Indraprastha Gas Limited","EQ","Bonus 1:1","2","31-Jan-2025","31-Jan-2025","-","-"
"SIYSIL","Siyaram Silk Mills Limited","EQ","Interim Dividend - Rs 3 Per Share","2","03-Feb-2025","03-Feb-2025","-","-"
"SHAREINDIA","Share India Securities Limited","EQ","Interim Dividend - Re 0.20 Per Share","2","03-Feb-2025","03-Feb-2025","-","-"
"GESHIP","The Great Eastern Shipping Company Limited","EQ","Interim Dividend - Rs 8.10 Per Share","10","03-Feb-2025","03-Feb-2025","-","-"
"GODREJCP","Godrej Consumer Products Limited","EQ","Interim Dividend - Rs 5 Per Share","1","03-Feb-2025","03-Feb-2025","-","-"
"WHEELS","Wheels India Limited","EQ","Interim Dividend - Rs 4.50 Per Share","10","03-Feb-2025","03-Feb-2025","-","-"
"JUBLINGREA","Jubilant Ingrevia Limited","EQ","Interim Dividend - Rs 2.50 Per Share","1","03-Feb-2025","03-Feb-2025","-","-"
"APCOTEXIND","Apcotex Industries Limited","EQ","Interim Dividend - Rs 2 Per Share","2","03-Feb-2025","03-Feb-2025","-","-"
"INDUSINVIT","Indus Infra Trust","IV","Distribution - Rs 2.75 Per Unit Consisting Of Interest - Rs 2.51 Per Unit/ Dividend - Re 0.24 Per Unit","100","03-Feb-2025","03-Feb-2025","-","-"
"MGL","Mahanagar Gas Limited","EQ","Interim Dividend - Rs 12 Per Share","10","03-Feb-2025","03-Feb-2025","-","-"
"LTFOODS","LT Foods Limited","EQ","Interimdividend - Re 0.50 Per Share","1","04-Feb-2025","04-Feb-2025","-","-"
"EMAMILTD","Emami Limited","EQ","Interim Dividend - Rs 4 Per Share","1","04-Feb-2025","04-Feb-2025","-","-"
"SUNDARMHLD","Sundaram Finance Holdings Limited","EQ","Interim Dividend - Rs 3.7 Per Sh","5","04-Feb-2025","04-Feb-2025","-","-"
"CUBEINVIT","Cube Highways Trust","IV","Distribution - Rs 3.25 Per Unit Consisting Of Rs 1.44 Per Unit As Interest Income & Rs 1.81 Per Unit As Repayment Of Spv Loan","100","04-Feb-2025","04-Feb-2025","-","-"
"BIRET","Brookfield India Real Estate Trust","RR","Distribution - Rs 4.90 Per Unit Consisting Of Interest - Rs 1.55 Per Unit/ Repayment Of Spv Debt And Ncds - Rs 2.21 Per Unit/ Dividend - Re 1.05 Per Unit/ Interest On Fixed Deposit - Re 0.09 Per Unit","275","04-Feb-2025","04-Feb-2025","-","-"
"AURIONPRO","Aurionpro Solutions Limited","EQ","Interim Dividend - Re 1 Per Share","10","04-Feb-2025","04-Feb-2025","-","-"
"REDTAPE","Redtape Limited","EQ","Bonus 3:1","2","04-Feb-2025","04-Feb-2025","-","-"
"SRF","SRF Limited","EQ","Interim Dividend - Rs 3.6 Per Sh","10","04-Feb-2025","04-Feb-2025","-","-"
"ORIENTELEC","Orient Electric Limited","EQ","Interim Dividend - Re 0.75 Per Sh","1","04-Feb-2025","04-Feb-2025","-","-"
"KPITTECH","KPIT Technologies Limited","EQ","Interim Dividend - Rs 2.5 Per Sh","10","04-Feb-2025","04-Feb-2025","-","-"
"AARTIDRUGS","Aarti Drugs Limited","EQ","Interim Dividend - Re 1 Per Share","10","04-Feb-2025","04-Feb-2025","-","-"
"COROMANDEL","Coromandel International Limited","EQ","Interim Dividend - Rs 6 Per Share","1","05-Feb-2025","05-Feb-2025","-","-"
"SHREECEM","SHREE CEMENT LIMITED","EQ","Interim Dividend - Rs 50 Per Share","10","05-Feb-2025","05-Feb-2025","-","-"
"SMCGLOBAL","SMC Global Securities Limited","EQ","Interim Dividend - Rs 1.20 Per Share","2","05-Feb-2025","05-Feb-2025","-","-"
"MANBA","Manba Finance Limited","EQ","Interim Dividend - Re 0.25 Per Share","10","05-Feb-2025","05-Feb-2025","-","-"
"MASFIN","MAS Financial Services Limited","EQ","Interim Dividend - Re 1 Per Share","10","05-Feb-2025","05-Feb-2025","-","-"
"LALPATHLAB","Dr. Lal Path Labs Ltd.","EQ","Interim Dividend - Rs 6 Per Share","10","05-Feb-2025","05-Feb-2025","-","-"
"IMFA","Indian Metals & Ferro Alloys Limited","EQ","Interim Dividend - Rs 5 Per Share","10","05-Feb-2025","05-Feb-2025","-","-"
"SONACOMS","Sona BLW Precision Forgings Limited","EQ","Interim Dividend - Rs 1.60 Per Share","10","05-Feb-2025","05-Feb-2025","-","-"
"SHARDACROP","Sharda Cropchem Limited","EQ","Interim Dividend - Rs 3 Per Share","10","06-Feb-2025","06-Feb-2025","-","-"
"TRITURBINE","Triveni Turbine Limited","EQ","Interim Dividend - Rs 2 Per Share","1","06-Feb-2025","06-Feb-2025","-","-"
"KSOLVES","Ksolves India Limited","EQ","Face Value Split (Sub-Division) - From Rs 10/- Per Share To Rs 5/- Per Share","5","06-Feb-2025","06-Feb-2025","-","-"
"IMPAL","India Motor Parts and Accessories Limited","EQ","Interim Dividend - Rs 10 Per Share","10","06-Feb-2025","06-Feb-2025","-","-"
"SUNPHARMA","Sun Pharmaceutical Industries Limited","EQ","Interim Dividend - Rs 10.50 Per Share","1","06-Feb-2025","06-Feb-2025","-","-"
"CONCOR","Container Corporation of India Limited","EQ","Interim Dividend - Rs 4.25 Per Share","5","06-Feb-2025","06-Feb-2025","-","-"
"IRB","IRB Infrastructure Developers Limited","EQ","Interim Dividend - Re 0.10 Per Share","1","06-Feb-2025","06-Feb-2025","-","-"
"VAIBHAVGBL","Vaibhav Global Limited","EQ","Interim Dividend - Rs 1.50 Per Share","2","07-Feb-2025","08-Feb-2025","-","-"
"WEL","Wonder Electricals Limited","EQ","Interim Dividend - Re 0.10 Per Share","1","07-Feb-2025","07-Feb-2025","-","-"
"CAMS","Computer Age Management Services Limited","EQ","Interim Dividend - Rs 17.50 Per Share","10","07-Feb-2025","07-Feb-2025","-","-"
"ONGC","Oil & Natural Gas Corporation Limited","EQ","Interim Dividend - Rs 5 Per Share","5","07-Feb-2025","07-Feb-2025","-","-"
"RAMAPHO","Rama Phosphates Limited","EQ","Face Value Split (Sub-Division) - From Rs 10/- Per Share To Rs 5/- Per Share","5","07-Feb-2025","07-Feb-2025","-","-"
"NLCINDIA","NLC India Limited","EQ","Interim Dividend - Rs 1.50 Per Share","10","07-Feb-2025","07-Feb-2025","-","-"
"POWERGRID","Power Grid Corporation of India Limited","EQ","Interim Dividend - Rs 3.25 Per Share","10","07-Feb-2025","07-Feb-2025","-","-"
"SUNDARMFIN","Sundaram Finance Limited","EQ","Interim Dividend - Rs 14 Per Share","10","07-Feb-2025","07-Feb-2025","-","-"
"AGIIL","Agi Infra Limited","EQ","Face Value Split (Sub-Division) - From Rs 10/- Per Share To Rs 5/- Per Share","5","07-Feb-2025","07-Feb-2025","-","-"
"TIINDIA","Tube Investments of India Limited","EQ","Interim Dividend - Rs 2 Per Share","1","07-Feb-2025","07-Feb-2025","-","-"
"GATEWAY","Gateway Distriparks Limited","EQ","Interim Dividend - Re 0.75 Per Share","10","07-Feb-2025","07-Feb-2025","-","-"
"GRSE","Garden Reach Shipbuilders & Engineers Limited","EQ","Interim Dividend - Rs 8.95 Per Share","10","07-Feb-2025","07-Feb-2025","-","-"
"HIKAL","Hikal Limited","EQ","Interim Dividend - Re 0.60 Per Share","2","07-Feb-2025","08-Feb-2025","-","-"
"JBCHEPHARM","JB Chemicals & Pharmaceuticals Limited","EQ","Interim Dividend - Rs 8.50 Per Share","1","07-Feb-2025","08-Feb-2025","-","-"
"KPRMILL","K.P.R. Mill Limited","EQ","Interim Dividend - Rs 2.50 Per Share","1","07-Feb-2025","07-Feb-2025","-","-"
"SHRIPISTON","Shriram Pistons & Rings Limited","EQ","Interim Dividend - Rs 5 Per Share","10","07-Feb-2025","07-Feb-2025","-","-"
"NESTLEIND","Nestle India Limited","EQ","Interim Dividend - Rs 14.25 Per Share","1","07-Feb-2025","07-Feb-2025","-","-"
"BANARBEADS","Banaras Beads Limited","EQ","Interim Dividend - Rs 2.25 Per Share","10","07-Feb-2025","08-Feb-2025","-","-"
"CHOLAFIN","Cholamandalam Investment and Finance Company Limited","EQ","Interim Dividend - Rs 1.30 Per Share","2","07-Feb-2025","07-Feb-2025","-","-"
"CLEAN","Clean Science and Technology Limited","EQ","Interim Dividend - Rs 2 Per Share","1","07-Feb-2025","07-Feb-2025","-","-"
"EPIGRAL","Epigral Limited","EQ","Interim Dividend - Rs 2.50 Per Share","10","07-Feb-2025","07-Feb-2025","-","-"
"GAIL","GAIL (India) Limited","EQ","Interim Dividend - Rs 6.50 Per Share","10","07-Feb-2025","07-Feb-2025","-","-"
"JSL","Jindal Stainless Limited","EQ","Interim Dividend - Re 1 Per Share","2","07-Feb-2025","08-Feb-2025","-","-"
"KIRLPNU","Kirloskar Pneumatic Company Limited","EQ","Interim Dividend - Rs 3.50 Per Share","2","07-Feb-2025","07-Feb-2025","-","-"
"MARICO","Marico Limited","EQ","Interim Dividend - Rs 3.50 Per Share","1","07-Feb-2025","07-Feb-2025","-","-"
"QUESS","Quess Corp Limited","EQ","Interim Dividend - Rs 4 Per Share","10","07-Feb-2025","07-Feb-2025","-","-"
"SHANTIGEAR","Shanthi Gears Limited","EQ","Interim Dividend - Rs 3 Per Share","1","07-Feb-2025","07-Feb-2025","-","-"
"SHYAMMETL","Shyam Metalics and Energy Limited","EQ","Interim Dividend - Rs 2.25 Per Share","10","07-Feb-2025","07-Feb-2025","-","-"
"STEELCAS","Steelcast Limited","EQ","Interim Dividend - Rs 1.80 Per Share","5","07-Feb-2025","07-Feb-2025","-","-"
"TARACHAND","Tara Chand InfraLogistic Solutions Limited","EQ","Interim Dividend - Re 0.20 Per Share","2","07-Feb-2025","07-Feb-2025","-","-"
"NHIT","National Highways Infra Trust","IV","Distribution - Rs 1.99 Per Unit In The Form Of Interest","101","10-Feb-2025","10-Feb-2025","-","-"
"SURAJLTD","Suraj Limited","EQ","Interim Dividend - Rs 1.50 Per Share","10","10-Feb-2025","10-Feb-2025","-","-"
"ASTERDM","Aster DM Healthcare Limited","EQ","Interim Dividend - Rs 4 Per Share","10","10-Feb-2025","10-Feb-2025","-","-"
"JYOTISTRUC","Jyoti Structures Limited","EQ","Rights 9:26 @ Premium Rs 14/-","2","10-Feb-2025","10-Feb-2025","-","-"
"GPTINFRA","GPT Infraprojects Limited","EQ","Interim Dividend - Re 1 Per Share","10","10-Feb-2025","10-Feb-2025","-","-"
"CMSINFO","CMS Info Systems Limited","EQ","Interim Dividend - Rs 3.25 Per Share","10","11-Feb-2025","11-Feb-2025","-","-"
"THANGAMAYL","Thangamayil Jewellery Limited","EQ","Rights 2:15 @ Premium Rs 1390/-","10","11-Feb-2025","11-Feb-2025","-","-"
"SYMPHONY","Symphony Limited","EQ","Interim Dividend - Rs 2 Per Share","2","11-Feb-2025","11-Feb-2025","-","-"
"COCHINSHIP","Cochin Shipyard Limited","EQ","Interim Dividend - Rs 3.50 Per Share","5","12-Feb-2025","12-Feb-2025","-","-"
"HEROMOTOCO","Hero MotoCorp Limited","EQ","Interim Dividend - Rs 100 Per Share","2","12-Feb-2025","12-Feb-2025","-","-"
"MINDACORP","Minda Corporation Limited","EQ","Interim Dividend - Re 0.50 Per Share","2","12-Feb-2025","12-Feb-2025","-","-"
"TTL","T T Limited","EQ","Face Value Split (Sub-Division) - From Rs 10/- Per Share To Re 1/- Per Share","1","12-Feb-2025","12-Feb-2025","-","-"
"UNOMINDA","UNO Minda Limited","EQ","Interim Dividend - Re 0.75 Per Share","2","12-Feb-2025","12-Feb-2025","-","-"
"ITC","ITC Limited","EQ","Interim Dividend - Rs 6.50 Per Share","1","12-Feb-2025","12-Feb-2025","-","-"
"UNIPARTS","Uniparts India Limited","EQ","Interim Dividend - Rs 7.50 Per Share","10","12-Feb-2025","12-Feb-2025","-","-"
"TCIEXP","TCI Express Limited","EQ","Interim Dividend - Rs 3 Per Share","2","12-Feb-2025","12-Feb-2025","-","-"
"TORNTPOWER","Torrent Power Limited","EQ","Interim Dividend - Rs 14 Per Share","10","12-Feb-2025","12-Feb-2025","-","-"
"MANINFRA","Man Infraconstruction Limited","EQ","Interim Dividend - Re 0.45 Per Sh","2","12-Feb-2025","12-Feb-2025","-","-"
"NDRINVIT","NDR INVIT Trust","IV","Distribution - Rs 1.75 Per Unit Comprising Of Re 0.85 Per Unit In The Form Of Interest/ Re 0.90 Per Unit In The Form Of Return Of Capital","100","12-Feb-2025","12-Feb-2025","-","-"
"EXPLEOSOL","Expleo Solutions Limited","EQ","Interim Dividend - Rs 50 Per Share","10","12-Feb-2025","12-Feb-2025","-","-"
"VEEDOL","Veedol Corporation Limited","EQ","Interim Dividend - Rs 12 Per Share","2","13-Feb-2025","13-Feb-2025","-","-"
"ERIS","Eris Lifesciences Limited","EQ","Interim Dividend - Rs 7.35 Per Share","1","13-Feb-2025","13-Feb-2025","-","-"
"SUNTV","Sun TV Network Limited","EQ","Interim Dividend - Rs 2.5 Per Share","5","13-Feb-2025","13-Feb-2025","-","-"
"PAGEIND","Page Industries Limited","EQ","Interim Dividend - Rs 150 Per Share","10","13-Feb-2025","13-Feb-2025","-","-"
"NXT-INFRA","Nxt-Infra Trust","IV","Distribution - Rs 3.386 Per Unit Comprises Of Rs 1.462 Per Unit In The Form Of Interest/ Rs 1.924 Per Unit In The Form Of Return Of Capital","100","13-Feb-2025","13-Feb-2025","-","-"
"NHPC","NHPC Limited","EQ","Interim Dividend - Rs 1.4 Per Share","10","13-Feb-2025","13-Feb-2025","-","-"
"TARIL","Transformers And Rectifiers (India) Limited","EQ","Bonus 1:1","1","14-Feb-2025","14-Feb-2025","-","-"
"TEMBO","Tembo Global Industries Limited","EQ","Interim Dividend - Re 1 Per Share","10","14-Feb-2025","14-Feb-2025","-","-"
"828GS2032","GOVERNMENT OF INDIA","GS","Interest Payment","100","14-Feb-2025","14-Feb-2025","-","-"
"BDL","Bharat Dynamics Limited","EQ","Interim Dividend - Rs 4 Per Share","5","14-Feb-2025","14-Feb-2025","-","-"
"BEML","BEML Limited","EQ","Interim Dividend - Rs 5 Per Share","10","14-Feb-2025","14-Feb-2025","-","-"
"AARTIPHARM","Aarti Pharmalabs Limited","EQ","Interim Dividend - Rs 2.50 Per Share","5","14-Feb-2025","14-Feb-2025","-","-"
"ADVANIHOTR","Advani Hotels & Resorts (India) Limited","EQ","Interim Dividend - Re 1 Per Share","2","14-Feb-2025","14-Feb-2025","-","-"
"ALKEM","Alkem Laboratories Limited","EQ","Interim Dividend - Rs 37 Per Share","2","14-Feb-2025","14-Feb-2025","-","-"
"APOLLOHOSP","Apollo Hospitals Enterprise Limited","EQ","Interim Dividend - Rs 9 Per Share","5","14-Feb-2025","15-Feb-2025","-","-"
"BANCOINDIA","Banco Products (I) Limited","EQ","Interim Dividend - Rs 11 Per Share","2","14-Feb-2025","14-Feb-2025","-","-"
"DHRUV","Dhruv Consultancy Services Limited","EQ","Interim Dividend - Re 0.10 Per Share","10","14-Feb-2025","14-Feb-2025","-","-"
"ENGINERSIN","Engineers India Limited","EQ","Interim Dividend - Rs 2 Per Share","5","14-Feb-2025","14-Feb-2025","-","-"
"ESCORTS","Escorts Kubota Limited","EQ","Interim Dividend - Rs 10 Per Share","10","14-Feb-2025","14-Feb-2025","-","-"
"GOLDIAM","Goldiam International Limited","EQ","Interim Dividend - Re 1 Per Share","2","14-Feb-2025","14-Feb-2025","-","-"
"GULFOILLUB","Gulf Oil Lubricants India Limited","EQ","Interim Dividend - Rs 20 Per Share","2","14-Feb-2025","14-Feb-2025","-","-"
"CUMMINSIND","Cummins India Limited","EQ","Interim Dividend - Rs 18 Per Share","2","14-Feb-2025","14-Feb-2025","-","-"
"NATIONALUM","National Aluminium Company Limited","EQ","Interim Dividend - Rs 4 Per Share","5","14-Feb-2025","14-Feb-2025","-","-"
"MOIL","MOIL Limited","EQ","Interim Dividend - Rs 4.02 Per Share","10","14-Feb-2025","15-Feb-2025","-","-"
"MRF","MRF Limited","EQ","Interim Dividend - Rs 3 Per Share","10","14-Feb-2025","14-Feb-2025","-","-"
"MSTCLTD","Mstc Limited","EQ","Interim Dividend - Rs 32 Per Share","10","14-Feb-2025","14-Feb-2025","-","-"
"PIIND","PI Industries Limited","EQ","Interim Dividend - Rs 6 Per Share","1","14-Feb-2025","14-Feb-2025","-","-"
"PREMIERENE","Premier Energies Limited","EQ","Interim Dividend - Re 0.50 Per Share","1","14-Feb-2025","14-Feb-2025","-","-"
"RECLTD","REC Limited","EQ","Interim Dividend - Rs 4.30 Per Share","10","14-Feb-2025","14-Feb-2025","-","-"
"SAREGAMA","Saregama India Limited","EQ","Interim Dividend - Rs 4.50 Per Share","1","14-Feb-2025","14-Feb-2025","-","-"
"824GS2027","GOVERNMENT OF INDIA","GS","Interest Payment","100","14-Feb-2025","14-Feb-2025","-","-"
"BECTORFOOD","Mrs. Bectors Food Specialities Limited","EQ","Interim Dividend - Rs 3 Per Share","10","17-Feb-2025","17-Feb-2025","-","-"
"CAMPUS","Campus Activewear Limited","EQ","Interim Dividend - Re 0.70 Per Share","5","17-Feb-2025","17-Feb-2025","-","-"
"APOLSINHOT","Apollo Sindoori Hotels Limited","EQ","Interim Dividend - Re 0.50 Per Share","5","17-Feb-2025","17-Feb-2025","-","-"
"OIL","Oil India Limited","EQ","Interim Dividend - Rs 7 Per Share","10","17-Feb-2025","17-Feb-2025","-","-"
"DALMIASUG","Dalmia Bharat Sugar and Industries Limited","EQ","Interim Dividend - Rs 4.50 Per Share","2","17-Feb-2025","17-Feb-2025","-","-"
"IIFLCAPS","IIFL Capital Services Limited","EQ","Interim Dividend - Rs 3 Per Share","2","17-Feb-2025","17-Feb-2025","-","-"
"IRCON","Ircon International Limited","EQ","Interim Dividend - Rs 1.65 Per Sh","2","17-Feb-2025","17-Feb-2025","-","-"
"GARUDA","Garuda Construction and Engineering Limited","EQ","Interim Dividend - Re 0.025 Per Share","5","17-Feb-2025","17-Feb-2025","-","-"
"BHARATFORG","Bharat Forge Limited","EQ","Interim Dividend - Rs 2.5 Per Share","2","18-Feb-2025","18-Feb-2025","-","-"
"UNIDT","United Drilling Tools Limited","EQ","Interim Dividend - Re 0.60 Per Share","10","18-Feb-2025","19-Feb-2025","-","-"
"AMRUTANJAN","Amrutanjan Health Care Limited","EQ","Interim Dividend - Re 1 Per Share","1","18-Feb-2025","18-Feb-2025","-","-"
"FCL","Fineotex Chemical Limited","EQ","Interim Dividend - Re 0.4 Per Share","2","18-Feb-2025","18-Feb-2025","-","-"
"GILLETTE","Gillette India Limited","EQ","Interim Dividend - Rs 65 Per Share","10","18-Feb-2025","19-Feb-2025","-","-"
"GREENPANEL","Greenpanel Industries Limited","EQ","Interim Dividend - Re 0.30 Per Share","1","18-Feb-2025","18-Feb-2025","-","-"
"HAL","Hindustan Aeronautics Limited","EQ","Interim Dividend - Rs 25 Per Share","5","18-Feb-2025","18-Feb-2025","-","-"
"HONDAPOWER","Honda India Power Products Limited","EQ","Special Dividend - Rs 10 Per Share","10","18-Feb-2025","18-Feb-2025","-","-"
"IOLCP","IOL Chemicals and Pharmaceuticals Limited","EQ","Interim Dividend - Rs 4 Per Share","2","18-Feb-2025","18-Feb-2025","-","-"
"KOTHARIPRO","Kothari Products Limited","EQ","Bonus 1:1","10","18-Feb-2025","18-Feb-2025","-","-"
"KPEL","K.P. Energy Limited","EQ","Interim Dividend - Re 0.20 Per Share","5","18-Feb-2025","18-Feb-2025","-","-"
"KPIGREEN","KPI Green Energy Limited","EQ","Interim Dividend - Re 0.20 Per Share","5","18-Feb-2025","18-Feb-2025","-","-"
"MAITHANALL","Maithan Alloys Limited","EQ","Interim Dividend - Rs 3 Per Share","10","18-Feb-2025","19-Feb-2025","-","-"
"NATCOPHARM","Natco Pharma Limited","EQ","Interim Dividend - Rs 1.50 Per Share","2","18-Feb-2025","18-Feb-2025","-","-"
"OSEINTRUST","Oriental InfraTrust","IV","Distribution - Rs 2.6219 Per Unit Consists Of Interest- Rs 1.4213 Per Unit/Dividend - Re 0.6049 Per Unit/Return Of Capital Re 0.5957 Per Unit","100","18-Feb-2025","18-Feb-2025","-","-"
"PRECWIRE","Precision Wires India Limited","EQ","Interim Dividend - Re 0.30 Per Share","1","18-Feb-2025","18-Feb-2025","-","-"
"NBCC","NBCC (India) Limited","EQ","Interim Dividend - Re 0.53 Per Share","1","18-Feb-2025","18-Feb-2025","-","-"
"NCLIND","NCL Industries Limited","EQ","Interim Dividend - Re 1 Per Share","10","18-Feb-2025","18-Feb-2025","-","-"
"SSDL","Saraswati Saree Depot Limited","EQ","Interim Dividend - Rs 2.27 Per Share","10","18-Feb-2025","19-Feb-2025","-","-"
"SUPRAJIT","Suprajit Engineering Limited","EQ","Interim Dividend - Rs 1.25 Per Share","1","18-Feb-2025","18-Feb-2025","-","-"
"CARBORUNIV","Carborundum Universal Limited","EQ","Interim Dividend - Rs 1.50 Per Share","1","18-Feb-2025","19-Feb-2025","-","-"
"AVTNPL","AVT Natural Products Limited","EQ","Interim Dividend - Re 0.30 Per Share","1","20-Feb-2025","20-Feb-2025","-","-"
"ESABINDIA","Esab India Limited","EQ","Interim Dividend - Rs 23 Per Share","10","20-Feb-2025","20-Feb-2025","-","-"
"SBCL","Shivalik Bimetal Controls Limited","EQ","Interim Dividend - Rs 1.2 Per Share","2","20-Feb-2025","20-Feb-2025","-","-"
"PGHH","Procter & Gamble Hygiene and Health Care Limited","EQ","Interim Dividend - Rs 110 Per Share","10","20-Feb-2025","20-Feb-2025","-","-"
"IRCTC","Indian Railway Catering And Tourism Corporation Limited","EQ","Interim Dividend - Rs 3 Per Share","2","20-Feb-2025","20-Feb-2025","-","-"
"SANDESH","The Sandesh Limited","EQ","Interim Dividend - Rs 2.5 Per Share","10","21-Feb-2025","21-Feb-2025","-","-"
"SJVN","SJVN Limited","EQ","Interim Dividend - Rs 1.15 Per Share","10","21-Feb-2025","21-Feb-2025","-","-"
"UNITEDTEA","The United Nilgiri Tea Estates Company Limited","EQ","Interim Dividend - Re 1 Per Share","10","21-Feb-2025","21-Feb-2025","-","-"
"FSL","Firstsource Solutions Limited","EQ","Interim Dividend - Rs 4 Per Share","10","21-Feb-2025","21-Feb-2025","-","-"
"BBTC","Bombay Burmah Trading Corporation Limited","EQ","Interim Dividend - Rs 13 Per Share","2","21-Feb-2025","21-Feb-2025","-","-"
"CANTABIL","Cantabil Retail India Limited","EQ","Interim Dividend - Re 0.50 Per Share","2","21-Feb-2025","21-Feb-2025","-","-"
"CPCAP","CP Capital Limited","EQ","Interim Dividend - Re 1 Per Share","10","21-Feb-2025","21-Feb-2025","-","-"
"INDNIPPON","India Nippon Electricals Limited","EQ","Interim Dividend - Rs 12.50 Per Share","5","21-Feb-2025","21-Feb-2025","-","-"
"KIRLOSENG","Kirloskar Oil Engines Limited","EQ","Interim Dividend - Rs 2.5 Per Share","2","21-Feb-2025","21-Feb-2025","-","-"
"MANAPPURAM","Manappuram Finance Limited","EQ","Interim Dividend - Re 1 Per Share","2","21-Feb-2025","21-Feb-2025","-","-"
"MODISONLTD","MODISON LIMITED","EQ","Interim Dividend - Rs 1.50 Per Share","1","21-Feb-2025","21-Feb-2025","-","-"
"PGHL","Procter & Gamble Health Limited","EQ","Interim Dividend - Rs 80 Per Share","10","21-Feb-2025","21-Feb-2025","-","-"
"SBICARD","SBI Cards and Payment Services Limited","EQ","Interim Dividend - Rs 2.50 Per Share","10","25-Feb-2025","25-Feb-2025","-","-"
"795GS2032","GOVERNMENT OF INDIA","GS","Interest Payment","100","27-Feb-2025","27-Feb-2025","-","-"
"STEELCITY","Steel City Securities Limited","EQ","Interim Dividend - Re 1 Per Share","10","27-Feb-2025","27-Feb-2025","-","-"
"NAVA","NAVA LIMITED","EQ","Buy Back","1","28-Feb-2025","28-Feb-2025","-","-"
"JINDWORLD","Jindal Worldwide Limited","EQ","Bonus 4:1","1","28-Feb-2025","28-Feb-2025","-","-"
"PFC","Power Finance Corporation Limited","EQ","Interim Dividend - Rs 3.50 Per Share","10","28-Feb-2025","28-Feb-2025","-","-"
"IGIL","International Gemmological Institute (India) Limited","EQ","Interim Dividend - Rs 2.44 Per Share","2","28-Feb-2025","28-Feb-2025","-","-"
"COASTCORP","Coastal Corporation Limited","EQ","Face Value Split (Sub-Division) - From Rs 10/- Per Share To Rs 2/- Per Share","2","04-Mar-2025","04-Mar-2025","-","-"
"CAPINVIT","Capital Infra Trust","IV","Distribution - Rs 12.71 Per Unit Consisting Of Rs 11.22 Per Unit Taxable Dividend & Rs 1.38 Per Unit Exempt Dividend/ Interest Payment Re 0.11 Per Unit","99","04-Mar-2025","04-Mar-2025","-","-"
"MGEL","Mangalam Global Enterprise Limited","EQ","Face Value Split (Sub-Division) - From Rs 2/- Per Share To Re 1/- Per Share","1","04-Mar-2025","04-Mar-2025","-","-"
"697GS2026","GOVERNMENT OF INDIA","GS","Interest Payment","100","05-Mar-2025","05-Mar-2025","-","-"
"ANANDRATHI","Anand Rathi Wealth Limited","EQ","Bonus 1:1","5","05-Mar-2025","05-Mar-2025","-","-"
"SBILIFE","SBI Life Insurance Company Limited","EQ","Interim Dividend - Rs 2.70 Per Share","10","07-Mar-2025","07-Mar-2025","-","-"
"74GS2035","GOVERNMENT OF INDIA","GS","Interest Payment","100","07-Mar-2025","07-Mar-2025","-","-"
"METROBRAND","Metro Brands Limited","EQ","Interim Dividend - Rs 3 Per Share & Special Dividend - Rs 14.50 Per Share","5","07-Mar-2025","07-Mar-2025","-","-"
"KESORAMIND","Kesoram Industries Limited","EQ","Demerger","10","10-Mar-2025","10-Mar-2025","-","-"
"SBC","SBC Exports Limited","EQ","Bonus 1:2","1","10-Mar-2025","10-Mar-2025","-","-"
"ABINFRA","A B Infrabuild Limited","EQ","Rights 1:5 @ Premium Rs 27.50/-","10","10-Mar-2025","10-Mar-2025","-","-"
"1018GS2026","GOVERNMENT OF INDIA","GS","Interest Payment","100","10-Mar-2025","10-Mar-2025","-","-"
"JASH","Jash Engineering Limited","EQ","Interim Dividend - Re 0.80 Per Share","2","10-Mar-2025","10-Mar-2025","-","-"
"BEL","Bharat Electronics Limited","EQ","Interim Dividend - Rs 1.5 Per Share","1","11-Mar-2025","11-Mar-2025","-","-"
"IOLCP","IOL Chemicals and Pharmaceuticals Limited","EQ","Face Value Split (Sub-Division) - From Rs 10/- Per Share To Rs 2/- Per Share","2","11-Mar-2025","11-Mar-2025","-","-"
"HUDCO","Housing & Urban Development Corporation Limited","EQ","Interim Dividend - Rs 1.05 Per Share","10","13-Mar-2025","14-Mar-2025","-","-"
"GRINFRA","G R Infraprojects Limited","EQ","Interim Dividend - Rs 12.50 Per Share","5","13-Mar-2025","13-Mar-2025","-","-"
"IRISDOREME","Iris Clothings Limited","EQ","Rights 1:6 @ Premium Rs 33/-","2","13-Mar-2025","13-Mar-2025","-","-"
"SUNTV","Sun TV Network Limited","EQ","Interim Dividend - Rs 2.50 Per Share","5","13-Mar-2025","13-Mar-2025","-","-"
"668GS2031","GOVERNMENT OF INDIA","GS","Interest Payment","100","13-Mar-2025","15-Mar-2025","-","-"
"DICIND","DIC India Limited","EQ","Dividend - Rs 4 Per Share","10","18-Mar-2025","18-Mar-2025","-","-"
"NHIT","National Highways Infra Trust","IV","Distribution - Rs 1.652 Per Unit Comprising Of Rs 1.644 Per Unit As Interest/ Rs 0.008 Per Unit As Other Income","101","18-Mar-2025","18-Mar-2025","-","-"
"CASTROLIND","Castrol India Limited","EQ","Dividend - Rs 5 Per Share & Special Dividend - Rs 4.50 Per Share","5","18-Mar-2025","18-Mar-2025","-","-"
"788GS2030","GOVERNMENT OF INDIA","GS","Interest Payment","100","18-Mar-2025","18-Mar-2025","-","-"
"AGIIL","Agi Infra Limited","EQ","Interim Dividend - Rs Per 0.50 Share","5","19-Mar-2025","19-Mar-2025","-","-"
"PFC","Power Finance Corporation Limited","EQ","Interim Dividend - Rs 3.50 Per Share","10","19-Mar-2025","19-Mar-2025","-","-"
"759GS2029","GOVERNMENT OF INDIA","GS","Interest Payment","100","19-Mar-2025","19-Mar-2025","-","-"
"833GS2032","GOVERNMENT OF INDIA","GS","Interest Payment","100","20-Mar-2025","20-Mar-2025","-","-"
"GALAXYSURF","Galaxy Surfactants Limited","EQ","Interim Dividend - Rs 18 Per Share","10","20-Mar-2025","20-Mar-2025","-","-"
"ANGELONE","Angel One Limited","EQ","Interim Dividend - Rs 11 Per Share","10","20-Mar-2025","20-Mar-2025","-","-"
"PRAXIS","Praxis Home Retail Limited","EQ","Rights 11:30 @ Premium Rs 5/-","5","20-Mar-2025","20-Mar-2025","-","-"
"828GS2027","GOVERNMENT OF INDIA","GS","Interest Payment","100","20-Mar-2025","20-Mar-2025","-","-"
"IRFC","Indian Railway Finance Corporation Limited","EQ","Interim Dividend - Re 0.80 Per Share","10","21-Mar-2025","21-Mar-2025","-","-"
"CGPOWER","CG Power and Industrial Solutions Limited","EQ","Interim Dividend - Rs 1.30 Per Share","2","21-Mar-2025","22-Mar-2025","-","-"
"NMDC","NMDC Limited","EQ","Interim Dividend - Rs 2.30 Per Share","1","21-Mar-2025","21-Mar-2025","-","-"
"82GS2025","GOVERNMENT OF INDIA","GS","Interest Payment","100","21-Mar-2025","21-Mar-2025","-","-"
"GREENLAM","Greenlam Industries Limited","EQ","Bonus 1:1","1","21-Mar-2025","21-Mar-2025","-","-"
"BTML","Bodhi Tree Multimedia Limited","EQ","Rights 4:9 @ Premium Rs 7/-","1","24-Mar-2025","24-Mar-2025","-","-"
"601GS2028","GOVERNMENT OF INDIA","GS","Interest Payment","100","24-Mar-2025","24-Mar-2025","-","-"
"597GS2025","GOVERNMENT OF INDIA","GS","Interest Payment","100","24-Mar-2025","24-Mar-2025","-","-"
"KSOLVES","Ksolves India Limited","EQ","Interim Dividend - Rs 7.50 Per Share","5","25-Mar-2025","25-Mar-2025","-","-"
"MIDHANI","Mishra Dhatu Nigam Limited","EQ","Interim Dividend - Re 0.75 Per Share","10","25-Mar-2025","25-Mar-2025","-","-"
"RECLTD","REC Limited","EQ","Interim Dividend - Rs 3.60 Per Share","10","26-Mar-2025","26-Mar-2025","-","-"
"INTERISE","Interise Trust","IV","Distribution - Rs 2.50 Per Unit Consists Of Interest Amount - Re 0.54 Per Unit/Return On Capital - Re 0.48 Per Unit/ Dividend - Rs 1.46 Per Unit/ Other Income - Re 0.02 Per Unit","100","26-Mar-2025","26-Mar-2025","-","-"
"TVSMOTOR","TVS Motor Company Limited","EQ","Interim Dividend - Rs 10 Per Share","1","26-Mar-2025","26-Mar-2025","-","-"
"AIIL","Authum Investment & Infrastructure Limited","EQ","Interim Dividend - Re 1 Per Share","1","27-Mar-2025","27-Mar-2025","-","-"
"SUNCLAY","Sundaram Clayton Limited","EQ","Interim Dividend - Rs 4.75 Per Share","5","27-Mar-2025","27-Mar-2025","-","-"
"BBTC","Bombay Burmah Trading Corporation Limited","EQ","Interim Dividend - Rs 4 Per Share","2","27-Mar-2025","27-Mar-2025","-","-"
"92GS2030","GOVERNMENT OF INDIA","GS","Interest Payment","100","28-Mar-2025","28-Mar-2025","-","-"
"MATRIMONY","Matrimony.Com Limited","EQ","Special Dividend - Rs 5 Per Share","5","28-Mar-2025","28-Mar-2025","-","-"
"TVSHLTD","TVS Holdings Limited","EQ","Interim Dividend - Rs 93 Per Share","5","28-Mar-2025","28-Mar-2025","-","-"
"MSUMI","Motherson Sumi Wiring India Limited","EQ","Interim Dividend - Rs 0.50 Per Share","1","28-Mar-2025","28-Mar-2025","-","-"
"MOTHERSON","Samvardhana Motherson International Limited","EQ","Interim Dividend - Rs 0.50 Per Share","1","28-Mar-2025","28-Mar-2025","-","-"
"RAILTEL","Railtel Corporation Of India Limited","EQ","Interim Dividend - Re 1 Per Share","10","02-Apr-2025","02-Apr-2025","-","-"
"MSTCLTD","Mstc Limited","EQ","Interim Dividend - Rs 4.50 Per Share","10","02-Apr-2025","02-Apr-2025","-","-"
"UNITDSPR","United Spirits Limited","EQ","Interim Dividend - Rs 4 Per Share","2","03-Apr-2025","03-Apr-2025","-","-"
"FUSION","Fusion Finance Limited","EQ","Rights 55:91 @ Premium Rs 121/-","10","04-Apr-2025","04-Apr-2025","-","-"
"679GS2034","Government of India","GS","Interest Payment","100","04-Apr-2025","04-Apr-2025","-","-"
"VBL","Varun Beverages Limited","EQ","Dividend - Re 0.50 Per Share","2","04-Apr-2025","04-Apr-2025","-","-"
"DHARAN","DHARAN INFRA-EPC LIMITED","EQ","Bonus 1:1","1","04-Apr-2025","04-Apr-2025","-","-"
"DCMSRIND","DCM Shriram Industries Limited","EQ","Interim Dividend - Rs  2 Per Share","2","04-Apr-2025","04-Apr-2025","-","-"
"GS100425C","Government of India","GS","Redemption","100","07-Apr-2025","07-Apr-2025","-","-"
"727GS2026","GOVERNMENT OF INDIA","GS","Interest Payment","100","07-Apr-2025","07-Apr-2025","-","-"
"SIEMENS","Siemens Limited","EQ","Demerger","2","07-Apr-2025","07-Apr-2025","-","-"
"706GS2046","GOVERNMENT OF INDIA","GS","Interest Payment","100","09-Apr-2025","09-Apr-2025","-","-"
"SSDL","Saraswati Saree Depot Limited","EQ","Interim Dividend - Rs 1.515 Per Share","10","09-Apr-2025","10-Apr-2025","-","-"
"CRISIL","CRISIL Limited","EQ","Dividend - Rs 26 Per Share","1","11-Apr-2025","14-Apr-2025","-","-"
"ASHIANA","Ashiana Housing Limited","EQ","Interim Dividend - Re 1 Per Share","2","11-Apr-2025","11-Apr-2025","-","-"
"HEXT","Hexaware Technologies Limited","EQ","Interim Dividend - Rs 5.75 Per Share","1","15-Apr-2025","15-Apr-2025","-","-"
"QUESS","Quess Corp Limited","EQ","Demerger","10","15-Apr-2025","15-Apr-2025","-","-"
"MAZDOCK","Mazagon Dock Shipbuilders Limited","EQ","Interim Dividend - Rs 3 Per Share","5","16-Apr-2025","16-Apr-2025","-","-"
"SANOFICONR","Sanofi Consumer Healthcare India Limited","EQ","Dividend - Rs 55 Per Share","10","17-Apr-2025","17-Apr-2025","-","-"
"AFIL","Akme Fintrade (India) Limited","EQ","Face Value Split (Sub-Division) - From Rs 10/- Per Share To Re 1/- Per Share","1","17-Apr-2025","18-Apr-2025","-","-"
"BCG","Brightcom Group Limited","EQ","Extra Ordinary General Meeting","2","23-Apr-2025","23-Apr-2025","-","-"
"SCHAEFFLER","Schaeffler India Limited","EQ","Dividend - Rs 28 Per Share","2","23-Apr-2025","23-Apr-2025","-","-"
"GS260425C","Government of India","GS","Redemption","100","23-Apr-2025","23-Apr-2025","-","-"
"CIEINDIA","CIE Automotive India Limited","EQ","Annual General Meeting/Dividend - Rs 7 Per Share","10","23-Apr-2025","23-Apr-2025","-","-"
"HUHTAMAKI","Huhtamaki India Limited","EQ","Dividend - Rs 2 Per Share","2","24-Apr-2025","24-Apr-2025","-","-"
"STLTECH","Sterlite Technologies Limited","EQ","Demerger","2","24-Apr-2025","24-Apr-2025","-","-"
"NAVKARURB","Navkar Urbanstructure Limited","EQ","Bonus 3:2","1","24-Apr-2025","24-Apr-2025","-","-"
"ACUTAAS","Acutaas Chemicals Limited","EQ","Face Value Split (Sub-Division) - From Rs 10/- Per Share To Rs 5/- Per Share","5","25-Apr-2025","25-Apr-2025","-","-"
"SANOFI","Sanofi India Limited","EQ","Dividend - Rs 117 Per Share","10","25-Apr-2025","25-Apr-2025","-","-"
"772GS2055","GOVERNMENT OF INDIA","GS","Interest Payment","100","25-Apr-2025","25-Apr-2025","-","-"
"MUTHOOTFIN","Muthoot Finance Limited","EQ","Interim Dividend - Rs 26 Per Share","10","25-Apr-2025","25-Apr-2025","-","-"
"HCLTECH","HCL Technologies Limited","EQ","Interim Dividend - Rs 18 Per Share","2","28-Apr-2025","28-Apr-2025","-","-"
"GATECH","GACM Technologies Limited","EQ","Rights 51:82 @ Premium Rs 0/-","1","28-Apr-2025","28-Apr-2025","-","-"
"LLOYDSENGG","LLOYDS ENGINEERING WORKS LIMITED","EQ","Rights 9:34 @ Premium Rs 31/-","1","28-Apr-2025","28-Apr-2025","-","-"
"GATECHDVR","GACM Technologies Limited","EQ","Rights 51:82 @ Premium Rs 0/-","1","28-Apr-2025","28-Apr-2025","-","-"
"360ONE","360 ONE WAM LIMITED","EQ","Interim Dividend - Rs 6 Per Share","1","29-Apr-2025","29-Apr-2025","-","-"
"MAXIND","Max India Limited","EQ","Rights 19:100 @ Premium Rs 140/-","10","29-Apr-2025","29-Apr-2025","-","-"
"TANLA","Tanla Platforms Limited","EQ","Interim Dividend - Rs 6 Per Share","1","30-Apr-2025","30-Apr-2025","-","-"
"BASML","Bannari Amman Spinning Mills Limited","EQ","Rights 10:43 @ Premium Rs 22/-","5","30-Apr-2025","30-Apr-2025","-","-"
"VESUVIUS","Vesuvius India Limited","EQ","Dividend - Rs 14.50 Per Share","1","30-Apr-2025","01-May-2025","-","-"
"MOLDTKPAC","Mold-Tek Packaging Limited","EQ","Interim Dividend - Rs 2 Per Share","5","02-May-2025","02-May-2025","-","-"
"ABB","ABB India Limited","EQ","Dividend - Rs 33.50 Per Share","2","02-May-2025","03-May-2025","-","-"
"UNITEDPOLY","United Polyfab Gujarat Limited","EQ","Face Value Split (Sub-Division) - From Rs 10/- Per Share To Re 1/- Per Share","1","02-May-2025","02-May-2025","-","-"
"ACMESOLAR","Acme Solar Holdings Limited","EQ","Interim Dividend - Re 0.20 Per Share","2","02-May-2025","02-May-2025","-","-"
"KSB","Ksb Limited","EQ","Dividend - Rs 4 Per Share","2","02-May-2025","02-May-2025","-","-"
"NITIRAJ","Nitiraj Engineers Limited","EQ","Extra Ordinary General Meeting","10","02-May-2025","02-May-2025","-","-"
"EMBASSY","Embassy Office Parks REIT","RR","Distribution - Rs 5.68 Per Unit Comprises Of Re 0.27 Per Unit As Interest And Rs 3.71 Per Unit As Repayment Of Spv Level Debt And Rs 1.70 As Dividend","300","02-May-2025","03-May-2025","-","-"
"OBEROIRLTY","Oberoi Realty Limited","EQ","Interim Dividend - Rs 2 Per Share","10","05-May-2025","05-May-2025","-","-"
"PTC","PTC India Limited","EQ","Interim Dividend - Rs 5 Per Share","10","05-May-2025","05-May-2025","-","-"
"MINDSPACE","Mindspace Business Parks REIT","RR","Distribution - Rs 6.44 Per Unit Consisting Of Dividend - Rs 2.77 Per Unit/ Interest - Re 0.13 Per Unit/ Repayment Of Spv Debt - Rs 3.48 Per Unit /Other Income - Rs 0.06 Per Unit","275","06-May-2025","06-May-2025","-","-"
"SUNDRMFAST","Sundram Fasteners Limited","EQ","Interim Dividend - Rs 4.20 Per Share","1","07-May-2025","07-May-2025","-","-"
"VBL","Varun Beverages Limited","EQ","Interim Dividend - Re 0.50 Per Share","2","07-May-2025","07-May-2025","-","-"
"CRISIL","CRISIL Limited","EQ","Interim Dividend - Rs 8 Per Share","1","07-May-2025","07-May-2025","-","-"
"NAUKRI","Info Edge (India) Limited","EQ","Face Value Split (Sub-Division) - From Rs 10/- Per Share To Rs 2/- Per Share","2","07-May-2025","07-May-2025","-","-"
"AVANTEL","Avantel Limited","EQ","Rights 10:121@ Premium Rs 38/-","2","07-May-2025","07-May-2025","-","-"
"761GS2030","GOVERNMENT OF INDIA","GS","Interest Payment","100","08-May-2025","08-May-2025","-","-"
"SHREMINVIT","Shrem Invit","IV","Distribution - Rs 6.1297 Per Unit Consists Of Rs. 0.3606 Per Unit As Dividend/Rs. 2.3983 Per Unit As Interest/ Rs. 3.3708 Per Unit As Return Of Capital","100","08-May-2025","08-May-2025","-","-"
"OFSS","Oracle Financial Services Software Limited","EQ","Interim Dividend - Rs 265 Per Share","5","08-May-2025","08-May-2025","-","-"
"BIRET","Brookfield India Real Estate Trust","RR","Distribution - Rs 5.25 Per Unit Consisting Of Interest - Rs 1.97 Per Unit/ Repayment Of Spv Debt And Ncds - Rs 2.70 Per Unit/ Dividend - Re 0.54 Per Unit/ Interest On Fixed Deposit - Re 0.04 Per Unit","275","08-May-2025","08-May-2025","-","-"
"GRAVITA","Gravita India Limited","EQ","Interim Dividend - Rs 6.35 Per Share","2","08-May-2025","08-May-2025","-","-"
"CHEMBOND","Chembond Material Technologies Limited","EQ","Demerger","5","09-May-2025","09-May-2025","-","-"
"NAVKARURB","Navkar Urbanstructure Limited","EQ","Face Value Split (Sub-Division) - From Rs 2/- Per Share To Re 1/- Per Share","1","09-May-2025","09-May-2025","-","-"
"MAHABANK","Bank of Maharashtra","EQ","Dividend - Rs 1.50 Per Share","10","09-May-2025","09-May-2025","-","-"
"824GS2033","GOVERNMENT OF INDIA","GS","Interest Payment","100","09-May-2025","09-May-2025","-","-"
"UCOBANK","UCO Bank","EQ","Dividend - Rs 0.39 Per Share","10","09-May-2025","09-May-2025","-","-"
"TARIL","Transformers And Rectifiers (India) Limited","EQ","Dividend - Re 0.20  Per Share","1","09-May-2025","09-May-2025","-","-"
"ANANDRATHI","Anand Rathi Wealth Limited","EQ","Dividend - Rs 7 Per Share","5","09-May-2025","09-May-2025","-","-"
"BAJFINANCE","Bajaj Finance Limited","EQ","Special Dividend - Rs 12 Per Share","1","09-May-2025","09-May-2025","-","-"
"LAURUSLABS","Laurus Labs Limited","EQ","Interim Dividend - Rs  0.80 Per Share","2","09-May-2025","09-May-2025","-","-"
"COFORGE","Coforge Limited","EQ","Interim Dividend - Rs 19 Per Share","2","09-May-2025","12-May-2025","-","-"
"CPCAP","CP Capital Limited","EQ","Demerger","10","09-May-2025","09-May-2025","-","-"
"INDUSINVIT","Indus Infra Trust","IV","Distribution - Rs 2.25 Per Unit Consisting Of Interest - Re 0.96 Per Unit/ Dividend - Rs 1.05 Per Unit/Return On Capital - Re 0.24 Per Unit","100","09-May-2025","12-May-2025","-","-"
"GODREJCP","Godrej Consumer Products Limited","EQ","Interim Dividend - Rs 5 Per Share","1","13-May-2025","13-May-2025","-","-"
"IRBINVIT","IRB InvIT Fund","IV","Distribution - Rs 2 Per Unit Consisting Of Re 1.69 Per Unit As Interest / Re 0.05 Per Unit As Return Of Capital / Re 0.26 As Dividend","102","13-May-2025","13-May-2025","-","-"
"IRBIT","IRB INFRASTRUCTURE TRUST","IV","Distribution - Re 0.46 Per Unit Consisting Of Re 0.24 Per Unit As Interest & Re 0.22 Per Unit As Return On Capital","100","13-May-2025","13-May-2025","-","-"
"IFGLEXPOR","IFGL Refractories Limited","EQ","Interim Dividend - Rs  6 Per Share","10","13-May-2025","13-May-2025","-","-"
"M&MFIN","Mahindra & Mahindra Financial Services Limited","EQ","Rights 1:8 @ Premium Rs 192/-","2","14-May-2025","14-May-2025","-","-"
"BSE","BSE Limited","EQ","Dividend - Rs 23 Per Share","2","14-May-2025","14-May-2025","-","-"
"FOSECOIND","Foseco India Limited","EQ","Dividend - Rs 25 Per Share","10","14-May-2025","14-May-2025","-","-"
"RSYSTEMS","R Systems International Limited","EQ","Interim Dividend - Rs 6 Per Share","1","14-May-2025","14-May-2025","-","-"
"RAYMOND","Raymond Limited","EQ","Demerger","10","14-May-2025","14-May-2025","-","-"
"679GS2027","GOVERNMENT OF INDIA","GS","Interest Payment","100","14-May-2025","14-May-2025","-","-"
"MANAPPURAM","Manappuram Finance Limited","EQ","Interim Dividend - Rs 0.50 Per Share","2","15-May-2025","15-May-2025","-","-"
"GESHIP","The Great Eastern Shipping Company Limited","EQ","Interim Dividend - Rs 5.40 Per Share","10","15-May-2025","15-May-2025","-","-"
"BEML","BEML Limited","EQ","Interim Dividend - Rs 15 Per Share","10","15-May-2025","15-May-2025","-","-"
"KKCL","Kewal Kiran Clothing Limited","EQ","Interim Dividend - Rs 2 Per Share","10","16-May-2025","16-May-2025","-","-"
"SBIN","State Bank of India","EQ","Dividend - Rs 15.90 Per Share","1","16-May-2025","16-May-2025","-","-"
"NXST","Nexus Select Trust","RR","Distribution - Rs 2 Per Unit Comprises Of Interest - Re 0.593 Per Unit / Dividend - Rs 1.221 Per Unit / Other Income - Re 0.043 Per Unit / Repayment Of Spv Level Debt - Rs 0.143 Per Unit","100","16-May-2025","16-May-2025","-","-"
"IEX","Indian Energy Exchange Limited","EQ","Dividend - Rs 1.50 Per Share","1","16-May-2025","16-May-2025","-","-"
"692GS2039","Government of India","GS","Interest Payment","100","16-May-2025","16-May-2025","-","-"
"ADVENZYMES","Advanced Enzyme Technologies Limited","EQ","Interim Dividend - Rs 4 Per Share","2","16-May-2025","17-May-2025","-","-"
"AIIL","Authum Investment & Infrastructure Limited","EQ","Interim Dividend - Re 0.50 Per Share","1","16-May-2025","16-May-2025","-","-"
"ALICON","Alicon Castalloy Limited","EQ","Interim Dividend - Rs 2.5 Per Share","5","16-May-2025","17-May-2025","-","-"
"APTECHT","Aptech Limited","EQ","Interim Dividend - Rs 4.5 Per Share","10","16-May-2025","16-May-2025","-","-"
"APTUS","Aptus Value Housing Finance India Limited","EQ","Interim Dividend - Rs 2.5 Per Share","2","16-May-2025","16-May-2025","-","-"
"INDIGRID","IndiGrid Infrastructure Trust","IV","Distribution - Rs 4.10 Per Unit Consisting Of Dividend Rs 0.1419 Per Unit/ Interest Rs 2.6287 Per Unit/Capital Repayment Rs 1.2711/Other Income Rs 0.0583","100","20-May-2025","20-May-2025","-","-"
"PAGEIND","Page Industries Limited","EQ","Interim Dividend - Rs 200 Per Share","10","21-May-2025","21-May-2025","-","-"
"SEITINVIT","Sustainable Energy Infra Trust","IV","Distribution - Rs 2.81891 Per Unit Comprising Of Rs 2.81615 Per Unit In The Form Of Interest And Re 0.00276 Per Unit As Other Income","100","22-May-2025","22-May-2025","-","-"
"ASHOKLEY","Ashok Leyland Limited","EQ","Interim Dividend - Rs 4.25 Per Share","1","22-May-2025","22-May-2025","-","-"
"ABFRL","Aditya Birla Fashion and Retail Limited","EQ","Demerger","10","22-May-2025","22-May-2025","-","-"
"GMBREW","GM Breweries Limited","EQ","Dividend - Rs 7.5 Per Share","10","22-May-2025","22-May-2025","-","-"
"EMAMILTD","Emami Limited","EQ","Special Dividend - Rs 2 Per Share","1","22-May-2025","22-May-2025","-","-"
"709GS2074","Government of India","GS","Interest Payment","100","23-May-2025","23-May-2025","-","-"
"INTERISE","Interise Trust","IV","Distribution - Rs 0.38 Per Unit Consists Of Dividend - Rs 0.38 Per Unit","100","23-May-2025","24-May-2025","-","-"
"HAVELLS","Havells India Limited","EQ","Annual General Meeting/Dividend - Rs 6 Per Share","1","23-May-2025","25-May-2025","-","-"
"CMSINFO","CMS Info Systems Limited","EQ","Dividend - Rs 3.25 Per Share/Special Dividend - Rs 3 Per Share","10","23-May-2025","23-May-2025","-","-"
"MAHLIFE","Mahindra Lifespace Developers Limited","EQ","Rights 3:8 @ Premium Rs 247/-","10","23-May-2025","23-May-2025","-","-"
"SULA","Sula Vineyards Limited","EQ","Dividend - Rs 3.60 Per Share","2","23-May-2025","23-May-2025","-","-"
"BSE","BSE Limited","EQ","Bonus 2:1","2","23-May-2025","23-May-2025","-","-"
"SEPC","SEPC Limited","EQ","Rights 11: 50 @ Premium Rs 0/-","10","23-May-2025","23-May-2025","-","-"
"LTIM","LTIMindtree Limited","EQ","Dividend - Rs 45 Per Share","1","23-May-2025","23-May-2025","-","-"
"RUSTOMJEE","Keystone Realtors Limited","EQ","Dividend - Rs 1.50 Per Share","10","23-May-2025","23-May-2025","-","-"
"DHAMPURSUG","Dhampur Sugar Mills Limited","EQ","Buy Back","10","23-May-2025","23-May-2025","-","-"
"815GS2026","GOVERNMENT OF INDIA","GS","Interest Payment","100","23-May-2025","23-May-2025","-","-"
"HSCL","Himadri Speciality Chemical Limited","EQ","Dividend - Rs 0.60 Per Share","1","23-May-2025","23-May-2025","-","-"
"LLOYDSME","Lloyds Metals And Energy Limited","EQ","Dividend - Re 1 Per Share","1","26-May-2025","26-May-2025","-","-"
"PGIL","Pearl Global Industries Limited","EQ","Interim Dividend - Rs 6.50 Per Share","5","26-May-2025","26-May-2025","-","-"
"ACI","Archean Chemical Industries Limited","EQ","Dividend - Rs 3 Per Share","2","26-May-2025","26-May-2025","-","-"
"INFOBEAN","InfoBeans Technologies Limited","EQ","Buy Back","10","27-May-2025","27-May-2025","-","-"
"LTF","L&T Finance Limited","EQ","Dividend - Rs 2.75 Per Share","10","27-May-2025","27-May-2025","-","-"
"TRIDENT","Trident Limited","EQ","Interim Dividend - Re 0.50 Per Share","1","27-May-2025","27-May-2025","-","-"
"MANINFRA","Man Infraconstruction Limited","EQ","Interim Dividend - Re 0.45 Per Share","2","27-May-2025","27-May-2025","-","-"
"662GS2051","GOVERNMENT OF INDIA","GS","Interest Payment","100","27-May-2025","27-May-2025","-","-"
"ITC","ITC Limited","EQ","Dividend - Rs 7.85 Per Share","1","28-May-2025","28-May-2025","-","-"
"SUNDARMHLD","Sundaram Finance Holdings Limited","EQ","Interim Dividend - Re 0.60 Per Share","5","28-May-2025","28-May-2025","-","-"
"COLPAL","Colgate Palmolive (India) Limited","EQ","Interim Dividend - Rs 27 Per Share","1","28-May-2025","28-May-2025","-","-"
"NDRINVIT","NDR INVIT Trust","IV","Distribution - Rs 1.80 Per Unit Comprising Of Re 0.72 Per Unit In The Form Of Interest/ Rs 1.08 Per Unit In The Form Of Return Of Capital","100","29-May-2025","29-May-2025","-","-"
"TATACONSUM","TATA CONSUMER PRODUCTS LIMITED","EQ","Dividend - Rs 8.25 Per Share","1","29-May-2025","29-May-2025","-","-"
"PGINVIT","POWERGRID Infrastructure Investment Trust","IV","Distribution - Rs 3 Per Unit Consists Of Interest- Rs 1.67 Per Unit/Total Dividend - Re 0.57 Per Unit/Repayment Of Spv Debt- Re 0.75 Per Unit/Treasury Income Re 0.01 Per Unit","100","29-May-2025","29-May-2025","-","-"
"JAGRAN","Jagran Prakashan Limited","EQ","Interim Dividend - Rs 6 Per Share","2","30-May-2025","30-May-2025","-","-"
"INFY","Infosys Limited","EQ","Dividend - Rs 22 Per Share","5","30-May-2025","30-May-2025","-","-"
"ANGELONE","Angel One Limited","EQ","Dividend - Rs 26 Per Share","10","30-May-2025","30-May-2025","-","-"
"ADVANIHOTR","Advani Hotels & Resorts (India) Limited","EQ","Interim Dividend - Re 0.90 Per Share","2","30-May-2025","30-May-2025","-","-"
"679GS2034A","Government of India","GS","Interest Payment","100","30-May-2025","31-May-2025","-","-"
"HOMEFIRST","Home First Finance Company India Limited","EQ","Dividend - Rs 3.70 Per Share","2","30-May-2025","30-May-2025","-","-"
"OSEINTRUST","Oriental InfraTrust","IV","Distribution - Rs 3.649 Per Unit Consists Of Interest- Rs 1.8475 Per Unit/Dividend - Re 0.9003 Per Unit/ Dividend For Apr 01 To Apr 15, 2025 - Re 0.6669 /Return Of Capital Re 0.2343 Per Unit","100","30-May-2025","30-May-2025","-","-"
"CAPLIPOINT","Caplin Point Laboratories Limited","EQ","Interim Dividend - Rs 3 Per Share","2","30-May-2025","30-May-2025","-","-"
"86GS2028","GOVERNMENT OF INDIA","GS","Interest Payment","100","30-May-2025","31-May-2025","-","-"
"SCHAND","S Chand And Company Limited","EQ","Interim Dividend - Rs 4 Per Share","5","30-May-2025","30-May-2025","-","-"
"ROADSTAR","Roadstar Infra Investment Trust","IV","Distribution - Rs 8.90 Per Unit Comprising Interest - Rs 5.35 Per Unit / Return On Capital - Rs 3.21 Per Unit / Other Income  Re - 0.34","100","30-May-2025","30-May-2025","-","-"
"PONNIERODE","Ponni Sugars (Erode) Limited","EQ","Dividend - Rs 3 Per Share","10","30-May-2025","30-May-2025","-","-"
"UEL","Ujaas Energy Limited","EQ","Bonus 17:25","1","30-May-2025","30-May-2025","-","-"
"VIMTALABS","Vimta Labs Limited","EQ","Dividend - Rs 2 Per Share","2","30-May-2025","30-May-2025","-","-"
"UNOMINDA","UNO Minda Limited","EQ","Dividend - Rs 1.50 Per Share","2","30-May-2025","30-May-2025","-","-"
"BAJFINANCE","Bajaj Finance Limited","EQ","Dividend - Rs 44 Per Share","1","30-May-2025","30-May-2025","-","-"
"817GS2044","GOVERNMENT OF INDIA","GS","Interest Payment","100","30-May-2025","31-May-2025","-","-"
"JWL","Jupiter Wagons Limited","EQ","Interim Dividend - Rs 1 Per Share","10","30-May-2025","30-May-2025","-","-"
"ANZEN","Anzen India Energy Yield Plus Trust","IV","Distribution - Rs 2.45 Per Unit Consisting Of Interest - Rs 1.74 Per Unit Principal Payment - Re 0.67 Per Unit Other Income - Re 0.04 Per Unit","100","30-May-2025","30-May-2025","-","-"
"GLAXO","GlaxoSmithKline Pharmaceuticals Limited","EQ","Dividend - Rs 42 Per Share","10","30-May-2025","30-May-2025","-","-"
"CUBEINVIT","Cube Highways Trust","IV","Distribution - Rs 3.75 Per Unit Consisting Of Interest Rs 1.96 Per Unit/ Treasury Income Re 0.01 Per Unit/Dividend Re 0.32 Per Unit/ Repayment Of Spv Loan Rs 1.46 Per Unit","100","02-Jun-2025","02-Jun-2025","-","-"
"NHIT","National Highways Infra Trust","IV","Distribution - Re 0.395 Per Unit Consists Of Re 0.392 Per Unit As Interest/ Re 0.003 Per Unit As Other Income","101","02-Jun-2025","02-Jun-2025","-","-"
"LT","Larsen & Toubro Limited","EQ","Dividend - Rs 34 Per Share","2","03-Jun-2025","03-Jun-2025","-","-"
"CAPINVIT","Capital Infra Trust","IV","Distribution - Rs 11.18 Per Unit Consisting Of Interest - Re 0.93 Per Unit/ Dividend - Rs 6.87 Per Unit/ Return Of Capital - Rs 3.37 Per Unit/ Other Income - Re 0.01 Per Unit","99","03-Jun-2025","03-Jun-2025","-","-"
"613GS2028","GOVERNMENT OF INDIA","GS","Interest Payment","100","03-Jun-2025","03-Jun-2025","-","-"
"NUVAMA","Nuvama Wealth Management Limited","EQ","Interim Dividend - Rs 69 Per Share","10","03-Jun-2025","03-Jun-2025","-","-"
"NXT-INFRA","Nxt-Infra Trust","IV","Distribution - Rs 6.5921 Per Unit Consisting Of Interest Rs 1.9463 And Return Of Capital Rs 4.6458 Per Unit","100","03-Jun-2025","03-Jun-2025","-","-"
"CAPINVIT","Capital Infra Trust","IV","Distribution - Rs 2.61 Per Unit Consisting Of Interest - Rs 0.06 Per Unit / Repayment Of Capital - Rs 2.55 Per Unit","99","03-Jun-2025","03-Jun-2025","-","-"
"SESHAPAPER","Seshasayee Paper and Boards Limited","EQ","Annual General Meeting/Dividend - Rs  2.50 Per Share","2","04-Jun-2025","04-Jun-2025","-","-"
"INOXINDIA","INOX India Limited","EQ","Dividend - Rs 2 Per Share","2","04-Jun-2025","04-Jun-2025","-","-"
"TATAMOTORS","Tata Motors Limited","EQ","Dividend - Rs 6 Per Share","2","04-Jun-2025","04-Jun-2025","-","-"
"657GS2033","GOVERNMENT OF INDIA","GS","Interest Payment","100","04-Jun-2025","04-Jun-2025","-","-"
"897GS2030","GOVERNMENT OF INDIA","GS","Interest Payment","100","04-Jun-2025","04-Jun-2025","-","-"
"COFORGE","Coforge Limited","EQ","Face Value Split (Sub-Division) - From Rs 10/- Per Share To Rs 2/- Per Share","2","04-Jun-2025","04-Jun-2025","-","-"
"TCS","Tata Consultancy Services Limited","EQ","Dividend - Rs 30 Per Share","1","04-Jun-2025","04-Jun-2025","-","-"
"JINDALSAW","Jindal Saw Limited","EQ","Dividend - Rs 2 Per Share","1","05-Jun-2025","05-Jun-2025","-","-"
"RALLIS","Rallis India Limited","EQ","Dividend - Rs 2.50 Per Share","1","05-Jun-2025","05-Jun-2025","-","-"
"UGROCAP","Ugro Capital Limited","EQ","Rights 50:189 @ Premium Rs 152/-","10","05-Jun-2025","05-Jun-2025","-","-"
"RKFORGE","Ramkrishna Forgings Limited","EQ","Interim Dividend - Re 1 Per Share","2","06-Jun-2025","06-Jun-2025","-","-"
"664GS2027","Government of India","GS","Interest Payment","100","06-Jun-2025","07-Jun-2025","-","-"
"KHADIM","Khadim India Limited","EQ","Demerger","10","06-Jun-2025","07-Jun-2025","-","-"
"LALPATHLAB","Dr. Lal Path Labs Ltd.","EQ","Dividend - Rs 6 Per Share","10","06-Jun-2025","06-Jun-2025","-","-"
"LTTS","L&T Technology Services Limited","EQ","Dividend - Rs 38 Per Share","2","06-Jun-2025","06-Jun-2025","-","-"
"SIS","SIS LIMITED","EQ","Buy Back","5","06-Jun-2025","06-Jun-2025","-","-"
"TATASTEEL","Tata Steel Limited","EQ","Dividend - Rs 3.60 Per Share","1","06-Jun-2025","06-Jun-2025","-","-"
"TIIL","Technocraft Industries (India) Limited","EQ","Interim Dividend - Rs 20 Per Share","10","06-Jun-2025","06-Jun-2025","-","-"
"TORNTPOWER","Torrent Power Limited","EQ","Dividend - Rs 5 Per Share","10","06-Jun-2025","06-Jun-2025","-","-"
"BANKBARODA","Bank of Baroda","EQ","Dividend - Rs 8.35 Per Share","2","06-Jun-2025","06-Jun-2025","-","-"
"833GS2036","GOVERNMENT OF INDIA","GS","Interest Payment","100","06-Jun-2025","06-Jun-2025","-","-"
"MAITHANALL","Maithan Alloys Limited","EQ","Interim Dividend - Rs 7 Per Share","10","06-Jun-2025","06-Jun-2025","-","-"
"ICICIGI","ICICI Lombard General Insurance Company Limited","EQ","Dividend - Rs 7 Per Share","10","06-Jun-2025","06-Jun-2025","-","-"
"CONCOR","Container Corporation of India Limited","EQ","Dividend - Rs 2 Per Share","5","06-Jun-2025","06-Jun-2025","-","-"
"IFGLEXPOR","IFGL Refractories Limited","EQ","Dividend - Re 1 Per Sh","10","06-Jun-2025","06-Jun-2025","-","-"
"HDFCAMC","HDFC Asset Management Company Limited","EQ","Dividend - Rs 90 Per Share","5","06-Jun-2025","06-Jun-2025","-","-"
"INDIAMART","Indiamart Intermesh Limited","EQ","Dividend - Rs 30 Per Share/Special Dividend - Rs 20 Per Share","10","06-Jun-2025","06-Jun-2025","-","-"
"JSWENERGY","JSW Energy Limited","EQ","Dividend - Rs 2 Per Share","10","06-Jun-2025","06-Jun-2025","-","-"
"NELCO","NELCO Limited","EQ","Dividend - Re 1 Per Share","10","09-Jun-2025","09-Jun-2025","-","-"
"JCHAC","Johnson Controls - Hitachi Air Conditioning India Limited","EQ","Dividend - Rs 15 Per Share","10","10-Jun-2025","10-Jun-2025","-","-"
"ASIANPAINT","Asian Paints Limited","EQ","Dividend - Rs 20.55 Per Share","1","10-Jun-2025","10-Jun-2025","-","-"
"INDIANB","Indian Bank","EQ","Dividend - Rs 16.25 Per Share","10","10-Jun-2025","10-Jun-2025","-","-"
"TATAINVEST","Tata Investment Corporation Limited","EQ","Dividend - Rs 27 Per Share","10","10-Jun-2025","10-Jun-2025","-","-"
"VESUVIUS","Vesuvius India Limited","EQ","Face Value Split (Sub-Division) - From Rs 10/- Per Share To Re 1/- Per Share","1","10-Jun-2025","10-Jun-2025","-","-"
"883GS2041","GOVERNMENT OF INDIA","GS","Interest Payment","100","11-Jun-2025","11-Jun-2025","-","-"
"TATAELXSI","Tata Elxsi Limited","EQ","Dividend - Rs 75 Per Share","10","11-Jun-2025","11-Jun-2025","-","-"
"AVANTEL","Avantel Limited","EQ","Dividend - Re 0.20 Per Share","2","12-Jun-2025","12-Jun-2025","-","-"
"JKLAKSHMI","JK Lakshmi Cement Limited","EQ","Dividend - Rs 6.50 Per Share","5","12-Jun-2025","12-Jun-2025","-","-"
"ETHOSLTD","Ethos Limited","EQ","Rights 4:43@ Premium Rs 1790/-","10","12-Jun-2025","12-Jun-2025","-","-"
"TRENT","Trent Limited","EQ","Dividend - Rs 5 Per Share","1","12-Jun-2025","12-Jun-2025","-","-"
"ICICIPRULI","ICICI Prudential Life Insurance Company Limited","EQ","Dividend - Re 0.85 Per Share","10","12-Jun-2025","12-Jun-2025","-","-"
"TATACHEM","Tata Chemicals Limited","EQ","Dividend - Rs 11 Per Share","10","12-Jun-2025","12-Jun-2025","-","-"
"SHARDAMOTR","Sharda Motor Industries Limited","EQ","Dividend - Rs 32.50 Per Share","2","13-Jun-2025","13-Jun-2025","-","-"
"AMBUJACEM","Ambuja Cements Limited","EQ","Dividend - Rs 2 Per Share","2","13-Jun-2025","13-Jun-2025","-","-"
"ATGL","Adani Total Gas Limited","EQ","Dividend - Re 0.25 Per Share","1","13-Jun-2025","13-Jun-2025","-","-"
"JMFINANCIL","JM Financial Limited","EQ","Dividend - Rs 2.70 Per Share","1","13-Jun-2025","13-Jun-2025","-","-"
"SMCGLOBAL","SMC Global Securities Limited","EQ","Dividend - Rs 1.20 Per Share","2","13-Jun-2025","13-Jun-2025","-","-"
"STEELCITY","Steel City Securities Limited","EQ","Dividend - Re 1 Per Share","10","13-Jun-2025","13-Jun-2025","-","-"
"VIMTALABS","Vimta Labs Limited","EQ","Bonus 1:1","2","13-Jun-2025","13-Jun-2025","-","-"
"PFC","Power Finance Corporation Limited","EQ","Dividend - Rs 2.05 Per Share","10","13-Jun-2025","13-Jun-2025","-","-"
"CANBK","Canara Bank","EQ","Dividend - Rs 4 Per Share","2","13-Jun-2025","13-Jun-2025","-","-"
"PEL","Piramal Enterprises Limited","EQ","Dividend - Rs 11 Per Share","2","13-Jun-2025","13-Jun-2025","-","-"
"DAMCAPITAL","Dam Capital Advisors Limited","EQ","Dividend - Re 1 Per Share","2","13-Jun-2025","13-Jun-2025","-","-"
"ACC","ACC Limited","EQ","Dividend - Rs 7.50 Per Share","10","13-Jun-2025","13-Jun-2025","-","-"
"EIMCOELECO","Eimco Elecon (India) Limited","EQ","Dividend - Rs 5 Per Share","10","13-Jun-2025","13-Jun-2025","-","-"
"ELECON","Elecon Engineering Company Limited","EQ","Dividend - Rs 1.50 Per Share","1","13-Jun-2025","13-Jun-2025","-","-"
"INDGN","Indegene Limited","EQ","Dividend - Rs 2 Per Share","2","13-Jun-2025","13-Jun-2025","-","-"
"698GR2054","Government of India","GS","Interest Payment","100","13-Jun-2025","13-Jun-2025","-","-"
"ADANIENT","Adani Enterprises Limited","EQ","Dividend - Rs 1.30 Per Share","1","13-Jun-2025","13-Jun-2025","-","-"
"ADANIPORTS","Adani Ports and Special Economic Zone Limited","EQ","Dividend - Rs 7 Per Share","2","13-Jun-2025","13-Jun-2025","-","-"
"APCOTEXIND","Apcotex Industries Limited","EQ","Dividend - Rs 4.50 Per Share","2","13-Jun-2025","13-Jun-2025","-","-"
"BAJFINANCE","Bajaj Finance Limited","EQ","Bonus 4:1","1","16-Jun-2025","16-Jun-2025","-","-"
"HONAUT","Honeywell Automation India Limited","EQ","Dividend - Rs 105 Per Share","10","16-Jun-2025","16-Jun-2025","-","-"
"TATATECH","Tata Technologies Limited","EQ","Dividend - Rs 8.35 Per Share & Special Dividend - Rs 3.35 Per Share","2","16-Jun-2025","16-Jun-2025","-","-"
"BAJFINANCE","Bajaj Finance Limited","EQ","Face Value Split (Sub-Division) - From Rs 2/- Per Share To Re 1/- Per Share","1","16-Jun-2025","16-Jun-2025","-","-"
"HINDZINC","Hindustan Zinc Limited","EQ","Interim Dividend - Rs 10 Per Share","2","17-Jun-2025","17-Jun-2025","-","-"
"SHANKARA","Shankara Building Products Limited","EQ","Dividend - Rs 3 Per Share","10","17-Jun-2025","17-Jun-2025","-","-"
"SARLAPOLY","Sarla Performance Fibers Limited","EQ","Dividend - Rs 3 Per Share","1","18-Jun-2025","18-Jun-2025","-","-"
"EMUDHRA","eMudhra Limited","EQ","Dividend - Rs 1.25 Per Share","5","18-Jun-2025","18-Jun-2025","-","-"
"CAPTRUST","Capital Trust Limited","EQ","Rights 5:14 @ Premium Rs 72/-","10","18-Jun-2025","18-Jun-2025","-","-"
"773GS2034","GOVERNMENT OF INDIA","GS","Interest Payment","100","18-Jun-2025","18-Jun-2025","-","-"
"RIIL","Reliance Industrial Infrastructure Limited","EQ","Dividend - Rs 3.50 Per Share","10","19-Jun-2025","19-Jun-2025","-","-"
"TATACOMM","Tata Communications Limited","EQ","Dividend - Rs 25 Per Share","10","19-Jun-2025","19-Jun-2025","-","-"
"TEJASNET","Tejas Networks Limited","EQ","Dividend - Rs 2.50 Per Share","10","19-Jun-2025","19-Jun-2025","-","-"
"MAWANASUG","Mawana Sugars Limited","EQ","Dividend - Re 1 Per Share","10","20-Jun-2025","21-Jun-2025","-","-"
"PNB","Punjab National Bank","EQ","Dividend - Rs 2.90 Per Share","2","20-Jun-2025","20-Jun-2025","-","-"
"TORNTPHARM","Torrent Pharmaceuticals Limited","EQ","Dividend - Rs 6 Per Share","5","20-Jun-2025","20-Jun-2025","-","-"
"TATAPOWER","Tata Power Company Limited","EQ","Dividend - Rs 2.25 Per Share","1","20-Jun-2025","20-Jun-2025","-","-"
"VOLTAS","Voltas Limited","EQ","Dividend - Rs 7 Per Share","1","20-Jun-2025","20-Jun-2025","-","-"
"923GS2043","GOVERNMENT OF INDIA","GS","Interest Payment","100","20-Jun-2025","21-Jun-2025","-","-"
"SUPREMEIND","Supreme Industries Limited","EQ","Dividend - Rs 24 Per Share","2","20-Jun-2025","20-Jun-2025","-","-"
"ROSSARI","Rossari Biotech Limited","EQ","Dividend - Re 0.50 Per Share","2","20-Jun-2025","20-Jun-2025","-","-"
"BANKINDIA","Bank of India","EQ","Dividend - Rs 4.05 Per Share","10","20-Jun-2025","20-Jun-2025","-","-"
"813GS2045","GOVERNMENT OF INDIA","GS","Interest Payment","100","20-Jun-2025","21-Jun-2025","-","-"
"HDFCLIFE","HDFC Life Insurance Company Limited","EQ","Dividend - Rs 2.10 Per Share","10","20-Jun-2025","20-Jun-2025","-","-"
"675GS2029","Government of India","GS","Interest Payment","100","20-Jun-2025","21-Jun-2025","-","-"
"EPIGRAL","Epigral Limited","EQ","Dividend - Rs 3.50 Per Share","10","20-Jun-2025","21-Jun-2025","-","-"
"GREENLAM","Greenlam Industries Limited","EQ","Dividend - Re 0.40 Per Share","1","20-Jun-2025","20-Jun-2025","-","-"
"BAJAJ-AUTO","Bajaj Auto Limited","EQ","Dividend - Rs 210 Per Share","10","20-Jun-2025","20-Jun-2025","-","-"
"KPIL","Kalpataru Projects International Limited","EQ","Dividend - Rs 9 Per Share","2","23-Jun-2025","23-Jun-2025","-","-"
"VMART","V-Mart Retail Limited","EQ","Bonus 3:1","10","23-Jun-2025","23-Jun-2025","-","-"
"HINDUNILVR","Hindustan Unilever Limited","EQ","Dividend - Rs 24 Per Share","1","23-Jun-2025","23-Jun-2025","-","-"
"MSUMI","Motherson Sumi Wiring India Limited","EQ","Dividend - Re 0.35 Per Share","1","23-Jun-2025","23-Jun-2025","-","-"
"PILANIINVS","Pilani Investment and Industries Corporation Limited","EQ","Dividend - Rs 15 Per Share","10","23-Jun-2025","23-Jun-2025","-","-"
"MOTHERSON","Samvardhana Motherson International Limited","EQ","Dividend - Re 0.35 Per Share","1","23-Jun-2025","23-Jun-2025","-","-"
"GNA","GNA Axles Limited","EQ","Annual General Meeting/Dividend - Rs 3 Per Share","10","23-Jun-2025","23-Jun-2025","-","-"
"DYCL","Dynamic Cables Limited","EQ","Dividend - Re 0.50 Per Share","10","23-Jun-2025","23-Jun-2025","-","-"
"DALBHARAT","Dalmia Bharat Limited","EQ","Annual General Meeting/Dividend - Rs 5 Per Share","2","23-Jun-2025","23-Jun-2025","-","-"
"KANSAINER","Kansai Nerolac Paints Limited","EQ","Dividend - Rs 2.50 Per Share/Special Dividend - 1.25 Per Share","1","23-Jun-2025","23-Jun-2025","-","-"
"POLYCAB","Polycab India Limited","EQ","Dividend - Rs 35 Per Share","10","24-Jun-2025","24-Jun-2025","-","-"
"VEDL","Vedanta Limited","EQ","Interim Dividend - Rs 7 Per Share","1","24-Jun-2025","24-Jun-2025","-","-"
"ALKYLAMINE","Alkyl Amines Chemicals Limited","EQ","Dividend - Rs 10 Per Share","2","24-Jun-2025","24-Jun-2025","-","-"
"VERTOZ","Vertoz Limited","EQ","Consolidation Of Equity Shares From Re 1 Per Share To Rs 10 Per Share","1","25-Jun-2025","25-Jun-2025","-","-"
"AEGISLOG","Aegis Logistics Limited","EQ","Interim Dividend - Rs 2 Per Share","1","25-Jun-2025","25-Jun-2025","-","-"
"679GS2029","GOVERNMENT OF INDIA","GS","Interest Payment","100","25-Jun-2025","25-Jun-2025","-","-"
"PRIMESECU","Prime Securities Limited","EQ","Dividend - Rs 1.50 Per Share","5","26-Jun-2025","26-Jun-2025","-","-"
"INFIBEAM","Infibeam Avenues Limited","EQ","Rights 67:267 @ Premium Rs 9/-","1","26-Jun-2025","26-Jun-2025","-","-"
"WELSPUNLIV","Welspun Living Limited","EQ","Dividend - Rs 1.7 Per Share","1","27-Jun-2025","27-Jun-2025","-","-"
"VISAKAIND","Visaka Industries Limited","EQ","Annual General Meeting/ Dividend - Rs 0.50 Per Share","2","27-Jun-2025","27-Jun-2025","-","-"
"SYNGENE","Syngene International Limited","EQ","Dividend - Rs 1.25 Per Share","10","27-Jun-2025","27-Jun-2025","-","-"
"CIPLA","Cipla Limited","EQ","Dividend - Rs 13 Per Share/Special Dividend - Rs 3 Per Share","2","27-Jun-2025","27-Jun-2025","-","-"
"SWARAJENG","Swaraj Engines Limited","EQ","Dividend - Rs 104.50 Per Share","10","27-Jun-2025","27-Jun-2025","-","-"
"RAINBOW","Rainbow Childrens Medicare Limited","EQ","Dividend - Rs 3 Per Share","10","27-Jun-2025","28-Jun-2025","-","-"
"CARERATING","CARE Ratings Limited","EQ","Dividend - Rs 11 Per Share","10","27-Jun-2025","27-Jun-2025","-","-"
"MAHSCOOTER","Maharashtra Scooters Limited","EQ","Dividend - Rs 30 Per Share/ Special Dividend - Rs 30 Per Share","10","27-Jun-2025","27-Jun-2025","-","-"
"83GS2042","GOVERNMENT OF INDIA","GS","Interest Payment","100","27-Jun-2025","27-Jun-2025","-","-"
"679GS2031","Government of India","GS","Interest Payment","100","27-Jun-2025","27-Jun-2025","-","-"
"RPGLIFE","RPG Life Sciences Limited","EQ","Dividend - Rs 20 Per Share/ Special Dividend - Rs 4 Per Share","8","27-Jun-2025","27-Jun-2025","-","-"
"VAIBHAVGBL","Vaibhav Global Limited","EQ","Annual General Meeting/Dividend - Rs 1.50 Per Share","2","27-Jun-2025","28-Jun-2025","-","-"
"HDFCBANK","HDFC Bank Limited","EQ","Dividend - Rs 22 Per Share","1","27-Jun-2025","27-Jun-2025","-","-"
"BAJAJHLDNG","Bajaj Holdings & Investment Limited","EQ","Dividend - Rs 28 Per Share","10","27-Jun-2025","27-Jun-2025","-","-"
"BAJAJFINSV","Bajaj Finserv Limited","EQ","Dividend - Re 1 Per Share","1","27-Jun-2025","27-Jun-2025","-","-"
"ABDL","Allied Blenders and Distillers Limited","EQ","Dividend - Rs 3.60 Per Share","2","27-Jun-2025","27-Jun-2025","-","-"
"JAYAGROGN","Jayant Agro Organics Limited","EQ","Annual General Meeting/Dividend - Rs 2.50 Per Share","5","27-Jun-2025","27-Jun-2025","-","-"
"MIRCELECTR","MIRC Electronics Limited","EQ","Rights 3:14 @ Premium Rs 9/-","1","30-Jun-2025","30-Jun-2025","-","-"
"GVPTECH","GVP Infotech Limited","EQ","Rights 13:100 @ Premium Rs 8/-","2","30-Jun-2025","30-Jun-2025","-","-"
"INDHOTEL","The Indian Hotels Company Limited","EQ","Dividend - Rs 2.25 Per Sh","1","30-Jun-2025","30-Jun-2025","-","-"
"DALMIASUG","Dalmia Bharat Sugar and Industries Limited","EQ","Annual General Meeting/Dividend - Rs 1.50 Per Share","2","30-Jun-2025","30-Jun-2025","-","-"
"JSWINFRA","JSW Infrastructure Limited","EQ","Dividend - Re 0.80 Per Share","2","01-Jul-2025","01-Jul-2025","-","-"
"CERA","Cera Sanitaryware Limited","EQ","Dividend - Rs 65 Per Sh","5","01-Jul-2025","01-Jul-2025","-","-"